Category,Importance
Location,311755.3669870971
Quality,146732.62897365255
Size,102585.08091079982
Amenities,13784.425733073855
Age,12059.309463573158
Rooms,3673.9699270617784
