,age_group,no_recent_renovation,recent_renovation,renovation_premium,premium_percentage
0,0-10 years,214000.0,220000.0,6000.0,2.803738317757009
1,11-20 years,206300.0,207067.5,767.5,0.3720310227823558
2,21-40 years,149900.0,147000.0,-2900.0,-1.9346230820547032
3,41-60 years,136685.0,145500.0,8815.0,6.449134872151296
4,61-100 years,121250.0,128000.0,6750.0,5.567010309278351
5,100+ years,117250.0,139500.0,22250.0,18.976545842217483
